{"name": "complete", "vehicles": [
    {
        "vehicle_class": "xPDOFileVehicle",
        "object": {
            "source": "{+properties.modx.core_path}components",
            "target": "return MODX_CORE_PATH;"
        },
        "attributes": {
            "vehicle_class": "xPDOFileVehicle"
        }
    },
    {
        "vehicle_class": "xPDOFileVehicle",
        "object": {
            "source": "{+properties.modx.context_web_path}assets",
            "target": "return MODX_BASE_PATH;"
        },
        "attributes": {
            "vehicle_class": "xPDOFileVehicle"
        }
    },
    {
        "vehicle_class": "xPDOFileVehicle",
        "object": {
            "script": "extract\/basepathassets.php"
        },
        "attributes": {
            "vehicle_class": "xPDOFileVehicle"
        }
    },
    {
        "vehicle_class": "xPDOScriptVehicle",
        "object": {
            "source": "tpl\/scripts\/truncate.tables.php",
            "classes": ["modAccessAction", "modAccessActionDom", "modAccessCategory", "modAccessContext", "modAccessElement", "modAccessMenu", "modAccessPermission", "modAccessPolicy", "modAccessPolicyTemplate", "modAccessPolicyTemplateGroup", "modAccessResource", "modAccessResourceGroup", "modAccessTemplateVar", "modAction", "modActionDom", "modActionField", "modActiveUser", "modCategory", "modCategoryClosure", "modChunk", "modClassMap", "modContentType", "modContext", "modContextResource", "modContextSetting", "modDashboard", "modDashboardWidget", "modDashboardWidgetPlacement", "modElementPropertySet", "modEvent", "modFormCustomizationProfile", "modFormCustomizationProfileUserGroup", "modFormCustomizationSet", "modLexiconEntry", "modManagerLog", "modMenu", "modNamespace", "modPlugin", "modPluginEvent", "modPropertySet", "modResource", "modResourceGroup", "modResourceGroupResource", "modSession", "modSnippet", "modSystemSetting", "modTemplate", "modTemplateVar", "modTemplateVarResource", "modTemplateVarResourceGroup", "modTemplateVarTemplate", "modUser", "modUserProfile", "modUserGroup", "modUserGroupMember", "modUserGroupRole", "modUserMessage", "modUserSetting", "modWorkspace", "registry.db.modDbRegisterMessage", "registry.db.modDbRegisterTopic", "registry.db.modDbRegisterQueue", "transport.modTransportProvider", "transport.modTransportPackage", "sources.modAccessMediaSource", "sources.modMediaSource", "sources.modMediaSourceElement", "sources.modMediaSourceContext"]
        },
        "attributes": {
            "vehicle_class": "xPDOScriptVehicle"
        }
    },
    {
        "vehicle_class": "xPDOObjectVehicle",
        "object": {
            "class": "modSystemSetting",
            "criteria": {
                "key": "extension_packages"
            }
        },
        "attributes": {
            "preserve_keys": true,
            "update_object": true,
            "resolve": [
                {
                    "type": "php",
                    "source": "tpl\/scripts\/resolve\/modsystemsetting\/extension_packages.php"
                }
            ]
        }
    },
    {
        "vehicle_package": "",
        "vehicle_class": "\\Siphon\\Transport\\SiphonXPDOCollectionVehicle",
        "object": {
            "class": "modAccessAction",
            "criteria": ["1 = 1"],
            "limit": 500,
            "package": "modx"
        },
        "attributes": {
            "preserve_keys": true,
            "update_object": true,
            "vehicle_package": "",
            "vehicle_class": "\\Siphon\\Transport\\SiphonXPDOCollectionVehicle"
        }
    },
    {
        "vehicle_package": "",
        "vehicle_class": "\\Siphon\\Transport\\SiphonXPDOCollectionVehicle",
        "object": {
            "class": "modAccessActionDom",
            "criteria": ["1 = 1"],
            "limit": 500,
            "package": "modx"
        },
        "attributes": {
            "preserve_keys": true,
            "update_object": true,
            "vehicle_package": "",
            "vehicle_class": "\\Siphon\\Transport\\SiphonXPDOCollectionVehicle"
        }
    },
    {
        "vehicle_package": "",
        "vehicle_class": "\\Siphon\\Transport\\SiphonXPDOCollectionVehicle",
        "object": {
            "class": "modAccessCategory",
            "criteria": ["1 = 1"],
            "limit": 500,
            "package": "modx"
        },
        "attributes": {
            "preserve_keys": true,
            "update_object": true,
            "vehicle_package": "",
            "vehicle_class": "\\Siphon\\Transport\\SiphonXPDOCollectionVehicle"
        }
    },
    {
        "vehicle_package": "",
        "vehicle_class": "\\Siphon\\Transport\\SiphonXPDOCollectionVehicle",
        "object": {
            "class": "modAccessContext",
            "criteria": ["1 = 1"],
            "limit": 500,
            "package": "modx"
        },
        "attributes": {
            "preserve_keys": true,
            "update_object": true,
            "vehicle_package": "",
            "vehicle_class": "\\Siphon\\Transport\\SiphonXPDOCollectionVehicle"
        }
    },
    {
        "vehicle_package": "",
        "vehicle_class": "\\Siphon\\Transport\\SiphonXPDOCollectionVehicle",
        "object": {
            "class": "modAccessElement",
            "criteria": ["1 = 1"],
            "limit": 500,
            "package": "modx"
        },
        "attributes": {
            "preserve_keys": true,
            "update_object": true,
            "vehicle_package": "",
            "vehicle_class": "\\Siphon\\Transport\\SiphonXPDOCollectionVehicle"
        }
    },
    {
        "vehicle_package": "",
        "vehicle_class": "\\Siphon\\Transport\\SiphonXPDOCollectionVehicle",
        "object": {
            "class": "modAccessMenu",
            "criteria": ["1 = 1"],
            "limit": 500,
            "package": "modx"
        },
        "attributes": {
            "preserve_keys": true,
            "update_object": true,
            "vehicle_package": "",
            "vehicle_class": "\\Siphon\\Transport\\SiphonXPDOCollectionVehicle"
        }
    },
    {
        "vehicle_package": "",
        "vehicle_class": "\\Siphon\\Transport\\SiphonXPDOCollectionVehicle",
        "object": {
            "class": "modAccessPermission",
            "criteria": ["1 = 1"],
            "limit": 500,
            "package": "modx"
        },
        "attributes": {
            "preserve_keys": true,
            "update_object": true,
            "vehicle_package": "",
            "vehicle_class": "\\Siphon\\Transport\\SiphonXPDOCollectionVehicle"
        }
    },
    {
        "vehicle_package": "",
        "vehicle_class": "\\Siphon\\Transport\\SiphonXPDOCollectionVehicle",
        "object": {
            "class": "modAccessPolicy",
            "criteria": ["1 = 1"],
            "limit": 500,
            "package": "modx"
        },
        "attributes": {
            "preserve_keys": true,
            "update_object": true,
            "vehicle_package": "",
            "vehicle_class": "\\Siphon\\Transport\\SiphonXPDOCollectionVehicle"
        }
    },
    {
        "vehicle_package": "",
        "vehicle_class": "\\Siphon\\Transport\\SiphonXPDOCollectionVehicle",
        "object": {
            "class": "modAccessPolicyTemplate",
            "criteria": ["1 = 1"],
            "limit": 500,
            "package": "modx"
        },
        "attributes": {
            "preserve_keys": true,
            "update_object": true,
            "vehicle_package": "",
            "vehicle_class": "\\Siphon\\Transport\\SiphonXPDOCollectionVehicle"
        }
    },
    {
        "vehicle_package": "",
        "vehicle_class": "\\Siphon\\Transport\\SiphonXPDOCollectionVehicle",
        "object": {
            "class": "modAccessPolicyTemplateGroup",
            "criteria": ["1 = 1"],
            "limit": 500,
            "package": "modx"
        },
        "attributes": {
            "preserve_keys": true,
            "update_object": true,
            "vehicle_package": "",
            "vehicle_class": "\\Siphon\\Transport\\SiphonXPDOCollectionVehicle"
        }
    },
    {
        "vehicle_package": "",
        "vehicle_class": "\\Siphon\\Transport\\SiphonXPDOCollectionVehicle",
        "object": {
            "class": "modAccessResource",
            "criteria": ["1 = 1"],
            "limit": 500,
            "package": "modx"
        },
        "attributes": {
            "preserve_keys": true,
            "update_object": true,
            "vehicle_package": "",
            "vehicle_class": "\\Siphon\\Transport\\SiphonXPDOCollectionVehicle"
        }
    },
    {
        "vehicle_package": "",
        "vehicle_class": "\\Siphon\\Transport\\SiphonXPDOCollectionVehicle",
        "object": {
            "class": "modAccessResourceGroup",
            "criteria": ["1 = 1"],
            "limit": 500,
            "package": "modx"
        },
        "attributes": {
            "preserve_keys": true,
            "update_object": true,
            "vehicle_package": "",
            "vehicle_class": "\\Siphon\\Transport\\SiphonXPDOCollectionVehicle"
        }
    },
    {
        "vehicle_package": "",
        "vehicle_class": "\\Siphon\\Transport\\SiphonXPDOCollectionVehicle",
        "object": {
            "class": "modAccessTemplateVar",
            "criteria": ["1 = 1"],
            "limit": 500,
            "package": "modx"
        },
        "attributes": {
            "preserve_keys": true,
            "update_object": true,
            "vehicle_package": "",
            "vehicle_class": "\\Siphon\\Transport\\SiphonXPDOCollectionVehicle"
        }
    },
    {
        "vehicle_package": "",
        "vehicle_class": "\\Siphon\\Transport\\SiphonXPDOCollectionVehicle",
        "object": {
            "class": "modAction",
            "criteria": ["1 = 1"],
            "limit": 500,
            "package": "modx"
        },
        "attributes": {
            "preserve_keys": true,
            "update_object": true,
            "vehicle_package": "",
            "vehicle_class": "\\Siphon\\Transport\\SiphonXPDOCollectionVehicle"
        }
    },
    {
        "vehicle_package": "",
        "vehicle_class": "\\Siphon\\Transport\\SiphonXPDOCollectionVehicle",
        "object": {
            "class": "modActionDom",
            "criteria": ["1 = 1"],
            "limit": 500,
            "package": "modx"
        },
        "attributes": {
            "preserve_keys": true,
            "update_object": true,
            "vehicle_package": "",
            "vehicle_class": "\\Siphon\\Transport\\SiphonXPDOCollectionVehicle"
        }
    },
    {
        "vehicle_package": "",
        "vehicle_class": "\\Siphon\\Transport\\SiphonXPDOCollectionVehicle",
        "object": {
            "class": "modActionField",
            "criteria": ["1 = 1"],
            "limit": 500,
            "package": "modx"
        },
        "attributes": {
            "preserve_keys": true,
            "update_object": true,
            "vehicle_package": "",
            "vehicle_class": "\\Siphon\\Transport\\SiphonXPDOCollectionVehicle"
        }
    },
    {
        "vehicle_package": "",
        "vehicle_class": "\\Siphon\\Transport\\SiphonXPDOCollectionVehicle",
        "object": {
            "class": "modCategory",
            "criteria": ["1 = 1"],
            "limit": 500,
            "package": "modx"
        },
        "attributes": {
            "preserve_keys": true,
            "update_object": true,
            "vehicle_package": "",
            "vehicle_class": "\\Siphon\\Transport\\SiphonXPDOCollectionVehicle"
        }
    },
    {
        "vehicle_package": "",
        "vehicle_class": "\\Siphon\\Transport\\SiphonXPDOCollectionVehicle",
        "object": {
            "class": "modCategoryClosure",
            "criteria": ["1 = 1"],
            "limit": 500,
            "package": "modx"
        },
        "attributes": {
            "preserve_keys": true,
            "update_object": true,
            "vehicle_package": "",
            "vehicle_class": "\\Siphon\\Transport\\SiphonXPDOCollectionVehicle"
        }
    },
    {
        "vehicle_package": "",
        "vehicle_class": "\\Siphon\\Transport\\SiphonXPDOCollectionVehicle",
        "object": {
            "class": "modChunk",
            "criteria": ["1 = 1"],
            "limit": 500,
            "package": "modx"
        },
        "attributes": {
            "preserve_keys": true,
            "update_object": true,
            "vehicle_package": "",
            "vehicle_class": "\\Siphon\\Transport\\SiphonXPDOCollectionVehicle"
        }
    },
    {
        "vehicle_package": "",
        "vehicle_class": "\\Siphon\\Transport\\SiphonXPDOCollectionVehicle",
        "object": {
            "class": "modClassMap",
            "criteria": ["1 = 1"],
            "limit": 500,
            "package": "modx"
        },
        "attributes": {
            "preserve_keys": true,
            "update_object": true,
            "vehicle_package": "",
            "vehicle_class": "\\Siphon\\Transport\\SiphonXPDOCollectionVehicle"
        }
    },
    {
        "vehicle_package": "",
        "vehicle_class": "\\Siphon\\Transport\\SiphonXPDOCollectionVehicle",
        "object": {
            "class": "modContentType",
            "criteria": ["1 = 1"],
            "limit": 500,
            "package": "modx"
        },
        "attributes": {
            "preserve_keys": true,
            "update_object": true,
            "vehicle_package": "",
            "vehicle_class": "\\Siphon\\Transport\\SiphonXPDOCollectionVehicle"
        }
    },
    {
        "vehicle_package": "",
        "vehicle_class": "\\Siphon\\Transport\\SiphonXPDOCollectionVehicle",
        "object": {
            "class": "modContext",
            "criteria": ["1 = 1"],
            "limit": 500,
            "package": "modx"
        },
        "attributes": {
            "preserve_keys": true,
            "update_object": true,
            "vehicle_package": "",
            "vehicle_class": "\\Siphon\\Transport\\SiphonXPDOCollectionVehicle"
        }
    },
    {
        "vehicle_package": "",
        "vehicle_class": "\\Siphon\\Transport\\SiphonXPDOCollectionVehicle",
        "object": {
            "class": "modContextResource",
            "criteria": ["1 = 1"],
            "limit": 500,
            "package": "modx"
        },
        "attributes": {
            "preserve_keys": true,
            "update_object": true,
            "vehicle_package": "",
            "vehicle_class": "\\Siphon\\Transport\\SiphonXPDOCollectionVehicle"
        }
    },
    {
        "vehicle_package": "",
        "vehicle_class": "\\Siphon\\Transport\\SiphonXPDOCollectionVehicle",
        "object": {
            "class": "modContextSetting",
            "criteria": ["1 = 1"],
            "limit": 500,
            "package": "modx"
        },
        "attributes": {
            "preserve_keys": true,
            "update_object": true,
            "vehicle_package": "",
            "vehicle_class": "\\Siphon\\Transport\\SiphonXPDOCollectionVehicle"
        }
    },
    {
        "vehicle_package": "",
        "vehicle_class": "\\Siphon\\Transport\\SiphonXPDOCollectionVehicle",
        "object": {
            "class": "modDashboard",
            "criteria": ["1 = 1"],
            "limit": 500,
            "package": "modx"
        },
        "attributes": {
            "preserve_keys": true,
            "update_object": true,
            "vehicle_package": "",
            "vehicle_class": "\\Siphon\\Transport\\SiphonXPDOCollectionVehicle"
        }
    },
    {
        "vehicle_package": "",
        "vehicle_class": "\\Siphon\\Transport\\SiphonXPDOCollectionVehicle",
        "object": {
            "class": "modDashboardWidget",
            "criteria": ["1 = 1"],
            "limit": 500,
            "package": "modx"
        },
        "attributes": {
            "preserve_keys": true,
            "update_object": true,
            "vehicle_package": "",
            "vehicle_class": "\\Siphon\\Transport\\SiphonXPDOCollectionVehicle"
        }
    },
    {
        "vehicle_package": "",
        "vehicle_class": "\\Siphon\\Transport\\SiphonXPDOCollectionVehicle",
        "object": {
            "class": "modDashboardWidgetPlacement",
            "criteria": ["1 = 1"],
            "limit": 500,
            "package": "modx"
        },
        "attributes": {
            "preserve_keys": true,
            "update_object": true,
            "vehicle_package": "",
            "vehicle_class": "\\Siphon\\Transport\\SiphonXPDOCollectionVehicle"
        }
    },
    {
        "vehicle_package": "",
        "vehicle_class": "\\Siphon\\Transport\\SiphonXPDOCollectionVehicle",
        "object": {
            "class": "modElementPropertySet",
            "criteria": ["1 = 1"],
            "limit": 500,
            "package": "modx"
        },
        "attributes": {
            "preserve_keys": true,
            "update_object": true,
            "vehicle_package": "",
            "vehicle_class": "\\Siphon\\Transport\\SiphonXPDOCollectionVehicle"
        }
    },
    {
        "vehicle_package": "",
        "vehicle_class": "\\Siphon\\Transport\\SiphonXPDOCollectionVehicle",
        "object": {
            "class": "modEvent",
            "criteria": ["1 = 1"],
            "limit": 500,
            "package": "modx"
        },
        "attributes": {
            "preserve_keys": true,
            "update_object": true,
            "vehicle_package": "",
            "vehicle_class": "\\Siphon\\Transport\\SiphonXPDOCollectionVehicle"
        }
    },
    {
        "vehicle_package": "",
        "vehicle_class": "\\Siphon\\Transport\\SiphonXPDOCollectionVehicle",
        "object": {
            "class": "modFormCustomizationProfile",
            "criteria": ["1 = 1"],
            "limit": 500,
            "package": "modx"
        },
        "attributes": {
            "preserve_keys": true,
            "update_object": true,
            "vehicle_package": "",
            "vehicle_class": "\\Siphon\\Transport\\SiphonXPDOCollectionVehicle"
        }
    },
    {
        "vehicle_package": "",
        "vehicle_class": "\\Siphon\\Transport\\SiphonXPDOCollectionVehicle",
        "object": {
            "class": "modFormCustomizationProfileUserGroup",
            "criteria": ["1 = 1"],
            "limit": 500,
            "package": "modx"
        },
        "attributes": {
            "preserve_keys": true,
            "update_object": true,
            "vehicle_package": "",
            "vehicle_class": "\\Siphon\\Transport\\SiphonXPDOCollectionVehicle"
        }
    },
    {
        "vehicle_package": "",
        "vehicle_class": "\\Siphon\\Transport\\SiphonXPDOCollectionVehicle",
        "object": {
            "class": "modFormCustomizationSet",
            "criteria": ["1 = 1"],
            "limit": 500,
            "package": "modx"
        },
        "attributes": {
            "preserve_keys": true,
            "update_object": true,
            "vehicle_package": "",
            "vehicle_class": "\\Siphon\\Transport\\SiphonXPDOCollectionVehicle"
        }
    },
    {
        "vehicle_package": "",
        "vehicle_class": "\\Siphon\\Transport\\SiphonXPDOCollectionVehicle",
        "object": {
            "class": "modLexiconEntry",
            "criteria": ["1 = 1"],
            "limit": 500,
            "package": "modx"
        },
        "attributes": {
            "preserve_keys": true,
            "update_object": true,
            "vehicle_package": "",
            "vehicle_class": "\\Siphon\\Transport\\SiphonXPDOCollectionVehicle"
        }
    },
    {
        "vehicle_package": "",
        "vehicle_class": "\\Siphon\\Transport\\SiphonXPDOCollectionVehicle",
        "object": {
            "class": "modMenu",
            "criteria": ["1 = 1"],
            "limit": 500,
            "package": "modx"
        },
        "attributes": {
            "preserve_keys": true,
            "update_object": true,
            "vehicle_package": "",
            "vehicle_class": "\\Siphon\\Transport\\SiphonXPDOCollectionVehicle"
        }
    },
    {
        "vehicle_package": "",
        "vehicle_class": "\\Siphon\\Transport\\SiphonXPDOCollectionVehicle",
        "object": {
            "class": "modNamespace",
            "criteria": ["1 = 1"],
            "limit": 500,
            "package": "modx"
        },
        "attributes": {
            "preserve_keys": true,
            "update_object": true,
            "vehicle_package": "",
            "vehicle_class": "\\Siphon\\Transport\\SiphonXPDOCollectionVehicle"
        }
    },
    {
        "vehicle_package": "",
        "vehicle_class": "\\Siphon\\Transport\\SiphonXPDOCollectionVehicle",
        "object": {
            "class": "modPlugin",
            "criteria": ["1 = 1"],
            "limit": 500,
            "package": "modx"
        },
        "attributes": {
            "preserve_keys": true,
            "update_object": true,
            "vehicle_package": "",
            "vehicle_class": "\\Siphon\\Transport\\SiphonXPDOCollectionVehicle"
        }
    },
    {
        "vehicle_package": "",
        "vehicle_class": "\\Siphon\\Transport\\SiphonXPDOCollectionVehicle",
        "object": {
            "class": "modPluginEvent",
            "criteria": ["1 = 1"],
            "limit": 500,
            "package": "modx"
        },
        "attributes": {
            "preserve_keys": true,
            "update_object": true,
            "vehicle_package": "",
            "vehicle_class": "\\Siphon\\Transport\\SiphonXPDOCollectionVehicle"
        }
    },
    {
        "vehicle_package": "",
        "vehicle_class": "\\Siphon\\Transport\\SiphonXPDOCollectionVehicle",
        "object": {
            "class": "modPropertySet",
            "criteria": ["1 = 1"],
            "limit": 500,
            "package": "modx"
        },
        "attributes": {
            "preserve_keys": true,
            "update_object": true,
            "vehicle_package": "",
            "vehicle_class": "\\Siphon\\Transport\\SiphonXPDOCollectionVehicle"
        }
    },
    {
        "vehicle_package": "",
        "vehicle_class": "\\Siphon\\Transport\\SiphonXPDOCollectionVehicle",
        "object": {
            "class": "modResource",
            "criteria": ["1 = 1"],
            "limit": 500,
            "package": "modx"
        },
        "attributes": {
            "preserve_keys": true,
            "update_object": true,
            "vehicle_package": "",
            "vehicle_class": "\\Siphon\\Transport\\SiphonXPDOCollectionVehicle"
        }
    },
    {
        "vehicle_package": "",
        "vehicle_class": "\\Siphon\\Transport\\SiphonXPDOCollectionVehicle",
        "object": {
            "class": "modResourceGroup",
            "criteria": ["1 = 1"],
            "limit": 500,
            "package": "modx"
        },
        "attributes": {
            "preserve_keys": true,
            "update_object": true,
            "vehicle_package": "",
            "vehicle_class": "\\Siphon\\Transport\\SiphonXPDOCollectionVehicle"
        }
    },
    {
        "vehicle_package": "",
        "vehicle_class": "\\Siphon\\Transport\\SiphonXPDOCollectionVehicle",
        "object": {
            "class": "modResourceGroupResource",
            "criteria": ["1 = 1"],
            "limit": 500,
            "package": "modx"
        },
        "attributes": {
            "preserve_keys": true,
            "update_object": true,
            "vehicle_package": "",
            "vehicle_class": "\\Siphon\\Transport\\SiphonXPDOCollectionVehicle"
        }
    },
    {
        "vehicle_package": "",
        "vehicle_class": "\\Siphon\\Transport\\SiphonXPDOCollectionVehicle",
        "object": {
            "class": "modSnippet",
            "criteria": ["1 = 1"],
            "limit": 500,
            "package": "modx"
        },
        "attributes": {
            "preserve_keys": true,
            "update_object": true,
            "vehicle_package": "",
            "vehicle_class": "\\Siphon\\Transport\\SiphonXPDOCollectionVehicle"
        }
    },
    {
        "vehicle_package": "",
        "vehicle_class": "\\Siphon\\Transport\\SiphonXPDOCollectionVehicle",
        "object": {
            "class": "modSystemSetting",
            "criteria": {
                "key:NOT IN": ["extension_packages"]
            },
            "limit": 500,
            "package": "modx"
        },
        "attributes": {
            "preserve_keys": true,
            "update_object": true,
            "vehicle_package": "",
            "vehicle_class": "\\Siphon\\Transport\\SiphonXPDOCollectionVehicle"
        }
    },
    {
        "vehicle_package": "",
        "vehicle_class": "\\Siphon\\Transport\\SiphonXPDOCollectionVehicle",
        "object": {
            "class": "modTemplate",
            "criteria": ["1 = 1"],
            "limit": 500,
            "package": "modx"
        },
        "attributes": {
            "preserve_keys": true,
            "update_object": true,
            "vehicle_package": "",
            "vehicle_class": "\\Siphon\\Transport\\SiphonXPDOCollectionVehicle"
        }
    },
    {
        "vehicle_package": "",
        "vehicle_class": "\\Siphon\\Transport\\SiphonXPDOCollectionVehicle",
        "object": {
            "class": "modTemplateVar",
            "criteria": ["1 = 1"],
            "limit": 500,
            "package": "modx"
        },
        "attributes": {
            "preserve_keys": true,
            "update_object": true,
            "vehicle_package": "",
            "vehicle_class": "\\Siphon\\Transport\\SiphonXPDOCollectionVehicle"
        }
    },
    {
        "vehicle_package": "",
        "vehicle_class": "\\Siphon\\Transport\\SiphonXPDOCollectionVehicle",
        "object": {
            "class": "modTemplateVarResource",
            "criteria": ["1 = 1"],
            "limit": 500,
            "package": "modx"
        },
        "attributes": {
            "preserve_keys": true,
            "update_object": true,
            "vehicle_package": "",
            "vehicle_class": "\\Siphon\\Transport\\SiphonXPDOCollectionVehicle"
        }
    },
    {
        "vehicle_package": "",
        "vehicle_class": "\\Siphon\\Transport\\SiphonXPDOCollectionVehicle",
        "object": {
            "class": "modTemplateVarResourceGroup",
            "criteria": ["1 = 1"],
            "limit": 500,
            "package": "modx"
        },
        "attributes": {
            "preserve_keys": true,
            "update_object": true,
            "vehicle_package": "",
            "vehicle_class": "\\Siphon\\Transport\\SiphonXPDOCollectionVehicle"
        }
    },
    {
        "vehicle_package": "",
        "vehicle_class": "\\Siphon\\Transport\\SiphonXPDOCollectionVehicle",
        "object": {
            "class": "modTemplateVarTemplate",
            "criteria": ["1 = 1"],
            "limit": 500,
            "package": "modx"
        },
        "attributes": {
            "preserve_keys": true,
            "update_object": true,
            "vehicle_package": "",
            "vehicle_class": "\\Siphon\\Transport\\SiphonXPDOCollectionVehicle"
        }
    },
    {
        "vehicle_package": "",
        "vehicle_class": "\\Siphon\\Transport\\SiphonXPDOCollectionVehicle",
        "object": {
            "class": "modUser",
            "criteria": ["1 = 1"],
            "limit": 500,
            "package": "modx"
        },
        "attributes": {
            "preserve_keys": true,
            "update_object": true,
            "vehicle_package": "",
            "vehicle_class": "\\Siphon\\Transport\\SiphonXPDOCollectionVehicle"
        }
    },
    {
        "vehicle_package": "",
        "vehicle_class": "\\Siphon\\Transport\\SiphonXPDOCollectionVehicle",
        "object": {
            "class": "modUserProfile",
            "criteria": ["1 = 1"],
            "limit": 500,
            "package": "modx"
        },
        "attributes": {
            "preserve_keys": true,
            "update_object": true,
            "vehicle_package": "",
            "vehicle_class": "\\Siphon\\Transport\\SiphonXPDOCollectionVehicle"
        }
    },
    {
        "vehicle_package": "",
        "vehicle_class": "\\Siphon\\Transport\\SiphonXPDOCollectionVehicle",
        "object": {
            "class": "modUserGroup",
            "criteria": ["1 = 1"],
            "limit": 500,
            "package": "modx"
        },
        "attributes": {
            "preserve_keys": true,
            "update_object": true,
            "vehicle_package": "",
            "vehicle_class": "\\Siphon\\Transport\\SiphonXPDOCollectionVehicle"
        }
    },
    {
        "vehicle_package": "",
        "vehicle_class": "\\Siphon\\Transport\\SiphonXPDOCollectionVehicle",
        "object": {
            "class": "modUserGroupMember",
            "criteria": ["1 = 1"],
            "limit": 500,
            "package": "modx"
        },
        "attributes": {
            "preserve_keys": true,
            "update_object": true,
            "vehicle_package": "",
            "vehicle_class": "\\Siphon\\Transport\\SiphonXPDOCollectionVehicle"
        }
    },
    {
        "vehicle_package": "",
        "vehicle_class": "\\Siphon\\Transport\\SiphonXPDOCollectionVehicle",
        "object": {
            "class": "modUserGroupRole",
            "criteria": ["1 = 1"],
            "limit": 500,
            "package": "modx"
        },
        "attributes": {
            "preserve_keys": true,
            "update_object": true,
            "vehicle_package": "",
            "vehicle_class": "\\Siphon\\Transport\\SiphonXPDOCollectionVehicle"
        }
    },
    {
        "vehicle_package": "",
        "vehicle_class": "\\Siphon\\Transport\\SiphonXPDOCollectionVehicle",
        "object": {
            "class": "modUserMessage",
            "criteria": ["1 = 1"],
            "limit": 500,
            "package": "modx"
        },
        "attributes": {
            "preserve_keys": true,
            "update_object": true,
            "vehicle_package": "",
            "vehicle_class": "\\Siphon\\Transport\\SiphonXPDOCollectionVehicle"
        }
    },
    {
        "vehicle_package": "",
        "vehicle_class": "\\Siphon\\Transport\\SiphonXPDOCollectionVehicle",
        "object": {
            "class": "modUserSetting",
            "criteria": ["1 = 1"],
            "limit": 500,
            "package": "modx"
        },
        "attributes": {
            "preserve_keys": true,
            "update_object": true,
            "vehicle_package": "",
            "vehicle_class": "\\Siphon\\Transport\\SiphonXPDOCollectionVehicle"
        }
    },
    {
        "vehicle_package": "",
        "vehicle_class": "\\Siphon\\Transport\\SiphonXPDOCollectionVehicle",
        "object": {
            "class": "modWorkspace",
            "criteria": ["1 = 1"],
            "limit": 500,
            "package": "modx"
        },
        "attributes": {
            "preserve_keys": true,
            "update_object": true,
            "vehicle_package": "",
            "vehicle_class": "\\Siphon\\Transport\\SiphonXPDOCollectionVehicle"
        }
    },
    {
        "vehicle_package": "",
        "vehicle_class": "\\Siphon\\Transport\\SiphonXPDOCollectionVehicle",
        "object": {
            "class": "transport.modTransportProvider",
            "criteria": ["1 = 1"],
            "limit": 500,
            "package": "modx"
        },
        "attributes": {
            "preserve_keys": true,
            "update_object": true,
            "vehicle_package": "",
            "vehicle_class": "\\Siphon\\Transport\\SiphonXPDOCollectionVehicle"
        }
    },
    {
        "vehicle_package": "",
        "vehicle_class": "xPDOObjectVehicle",
        "object": {
            "class": "transport.modTransportPackage",
            "criteria": ["1 = 1"],
            "script": "extract\/modtransportpackage.php",
            "package": "modx"
        },
        "attributes": {
            "preserve_keys": true,
            "update_object": true,
            "vehicle_package": "",
            "vehicle_class": "xPDOObjectVehicle"
        }
    },
    {
        "vehicle_package": "",
        "vehicle_class": "\\Siphon\\Transport\\SiphonXPDOCollectionVehicle",
        "object": {
            "class": "sources.modAccessMediaSource",
            "criteria": ["1 = 1"],
            "limit": 500,
            "package": "modx"
        },
        "attributes": {
            "preserve_keys": true,
            "update_object": true,
            "vehicle_package": "",
            "vehicle_class": "\\Siphon\\Transport\\SiphonXPDOCollectionVehicle"
        }
    },
    {
        "vehicle_package": "",
        "vehicle_class": "\\Siphon\\Transport\\SiphonXPDOCollectionVehicle",
        "object": {
            "class": "sources.modMediaSource",
            "criteria": ["1 = 1"],
            "limit": 500,
            "package": "modx"
        },
        "attributes": {
            "preserve_keys": true,
            "update_object": true,
            "vehicle_package": "",
            "vehicle_class": "\\Siphon\\Transport\\SiphonXPDOCollectionVehicle"
        }
    },
    {
        "vehicle_package": "",
        "vehicle_class": "\\Siphon\\Transport\\SiphonXPDOCollectionVehicle",
        "object": {
            "class": "sources.modMediaSourceElement",
            "criteria": ["1 = 1"],
            "limit": 500,
            "package": "modx"
        },
        "attributes": {
            "preserve_keys": true,
            "update_object": true,
            "vehicle_package": "",
            "vehicle_class": "\\Siphon\\Transport\\SiphonXPDOCollectionVehicle"
        }
    },
    {
        "vehicle_package": "",
        "vehicle_class": "\\Siphon\\Transport\\SiphonXPDOCollectionVehicle",
        "object": {
            "class": "sources.modMediaSourceContext",
            "criteria": ["1 = 1"],
            "limit": 500,
            "package": "modx"
        },
        "attributes": {
            "preserve_keys": true,
            "update_object": true,
            "vehicle_package": "",
            "vehicle_class": "\\Siphon\\Transport\\SiphonXPDOCollectionVehicle"
        }
    },
    {
        "vehicle_package": "",
        "vehicle_class": "\\Siphon\\Transport\\SiphonMySQLVehicle",
        "object": {
            "classes": ["modAccessAction", "modAccessActionDom", "modAccessCategory", "modAccessContext", "modAccessElement", "modAccessMenu", "modAccessPermission", "modAccessPolicy", "modAccessPolicyTemplate", "modAccessPolicyTemplateGroup", "modAccessResource", "modAccessResourceGroup", "modAccessTemplateVar", "modAction", "modActionDom", "modActionField", "modActiveUser", "modCategory", "modCategoryClosure", "modChunk", "modClassMap", "modContentType", "modContext", "modContextResource", "modContextSetting", "modDashboard", "modDashboardWidget", "modDashboardWidgetPlacement", "modElementPropertySet", "modEvent", "modFormCustomizationProfile", "modFormCustomizationProfileUserGroup", "modFormCustomizationSet", "modLexiconEntry", "modManagerLog", "modMenu", "modNamespace", "modPlugin", "modPluginEvent", "modPropertySet", "modResource", "modResourceGroup", "modResourceGroupResource", "modSession", "modSnippet", "modSystemSetting", "modTemplate", "modTemplateVar", "modTemplateVarResource", "modTemplateVarResourceGroup", "modTemplateVarTemplate", "modUser", "modUserProfile", "modUserGroup", "modUserGroupMember", "modUserGroupRole", "modUserMessage", "modUserSetting", "modWorkspace", "registry.db.modDbRegisterMessage", "registry.db.modDbRegisterTopic", "registry.db.modDbRegisterQueue", "transport.modTransportProvider", "transport.modTransportPackage", "sources.modAccessMediaSource", "sources.modMediaSource", "sources.modMediaSourceElement", "sources.modMediaSourceContext"],
            "excludeExtraTables": [],
            "excludeExtraTablePrefix": []
        },
        "attributes": {
            "vehicle_package": "",
            "vehicle_class": "\\Siphon\\Transport\\SiphonMySQLVehicle"
        }
    }
]}
