{"name":"develop", "vehicles":[
    {
        "vehicle_class":"xPDOFileVehicle",
        "object":{
            "source":"{+properties.modx.core_path}components",
            "target":"return MODX_CORE_PATH;"
        },
        "attributes":{
            "vehicle_class":"xPDOFileVehicle"
        }
    },
    {
        "vehicle_class":"xPDOFileVehicle",
        "object":{
            "source":"{+properties.modx.context_web_path}assets",
            "target":"return MODX_BASE_PATH;"
        },
        "attributes":{
            "vehicle_class":"xPDOFileVehicle"
        }
    },
    {
        "vehicle_class":"xPDOObjectVehicle",
        "object":{
            "class":"modSystemSetting",
            "criteria":{
                "key":"extension_packages"
            }
        },
        "attributes":{
            "preserve_keys":true,
            "update_object":true,
            "resolve":[
                {
                    "type":"php",
                    "source":"tpl\/scripts\/resolve\/modsystemsetting\/extension_packages.php"
                }
            ]
        }
    },
    {
        "vehicle_class":"xPDOObjectVehicle",
        "object":{
            "class":"modNamespace",
            "criteria":["1 = 1"],
            "package":"modx"
        },
        "attributes":{
            "preserve_keys":true,
            "update_object":true
        }
    },
    {
        "vehicle_class":"xPDOObjectVehicle",
        "object":{
            "class":"modSystemSetting",
            "criteria":["1 = 1", {
                "area:NOT IN":["session", "caching", "gateway", "mail", "system", "file", "authentication"],
                "key:NOT IN":["host", "http_host", "https_port", "site_url", "base_url", "manager_url", "connectors_url", "url_scheme", "base_path", "manager_path", "connectors_path", "assets_path", "assets_url", "connection_mutable", "connections", "core_path", "date_timezone", "dbname", "debug", "driverOptions", "dsn", "new_file_permissions", "new_folder_permissions", "password", "processors_path", "table_prefix", "ui_debug_mode", "extension_packages"]
            }],
            "package":"modx"
        },
        "attributes":{
            "preserve_keys":true,
            "update_object":true
        }
    },
    {
        "vehicle_class":"xPDOObjectVehicle",
        "object":{
            "class":"modEvent",
            "criteria":["1 = 1"],
            "package":"modx"
        },
        "attributes":{
            "preserve_keys":true,
            "update_object":true
        }
    },
    {
        "vehicle_class":"xPDOObjectVehicle",
        "object":{
            "class":"modLexiconEntry",
            "criteria":["1 = 1"],
            "package":"modx"
        },
        "attributes":{
            "preserve_keys":false,
            "update_object":true,
            "unique_key":["namespace", "topic", "name", "language"]
        }
    },
    {
        "vehicle_class":"xPDOObjectVehicle",
        "object":{
            "class":"modAction",
            "criteria":["1 = 1"],
            "script":"extract\/modaction.php",
            "package":"modx"
        },
        "attributes":{
            "preserve_keys":false,
            "update_object":true,
            "unique_key":["namespace", "controller"],
            "related_objects":true,
            "related_object_attributes":{
                "Fields":{
                    "preserve_keys":false,
                    "update_object":true,
                    "unique_key":["action", "name", "type", "tab", "form"]
                }
            }
        }
    },
    {
        "vehicle_class":"xPDOObjectVehicle",
        "object":{
            "class":"modMenu",
            "criteria":["1 = 1"],
            "script":"extract\/modmenu.php",
            "package":"modx"
        },
        "attributes":{
            "preserve_keys":true,
            "update_object":true,
            "related_objects":true,
            "related_object_attributes":{
                "Action":{
                    "preserve_keys":false,
                    "update_object":true,
                    "unique_key":["namespace", "controller"],
                    "related_objects":true,
                    "related_object_attributes":{
                        "Fields":{
                            "preserve_keys":false,
                            "update_object":true,
                            "unique_key":["action", "name", "type", "tab", "form"]
                        }
                    }
                },
                "Children":{
                    "preserve_keys":true,
                    "update_object":true,
                    "related_objects":true,
                    "related_object_attributes":{
                        "Action":{
                            "preserve_keys":false,
                            "update_object":true,
                            "unique_key":["namespace", "controller"],
                            "related_objects":true,
                            "related_object_attributes":{
                                "Fields":{
                                    "preserve_keys":false,
                                    "update_object":true,
                                    "unique_key":["action", "name", "type", "tab", "form"]
                                }
                            }
                        }
                    }
                }
            }
        }
    },
    {
        "vehicle_class":"xPDOObjectVehicle",
        "object":{
            "class":"modUserGroup",
            "criteria":["1 = 1"],
            "package":"modx"
        },
        "attributes":{
            "preserve_keys":false,
            "update_object":true,
            "unique_key":"name"
        }
    },
    {
        "vehicle_class":"xPDOObjectVehicle",
        "object":{
            "class":"modUserGroupRole",
            "criteria":["1 = 1"],
            "package":"modx"
        },
        "attributes":{
            "preserve_keys":false,
            "update_object":true,
            "unique_key":"name"
        }
    },
    {
        "vehicle_class":"xPDOObjectVehicle",
        "object":{
            "class":"modUser",
            "criteria":["1 = 1"],
            "graph":{
                "Profile":[],
                "UserSettings":[],
                "UserGroupMembers":{
                    "UserGroup":[],
                    "UserGroupRole":[]
                },
                "PrimaryGroup":[]
            },
            "package":"modx"
        },
        "attributes":{
            "preserve_keys":false,
            "update_object":true,
            "unique_key":"username",
            "related_objects":true,
            "related_object_attributes":{
                "Profile":{
                    "preserve_keys":false,
                    "update_object":true,
                    "unique_key":"internalKey"
                },
                "UserSettings":{
                    "preserve_keys":true,
                    "update_object":true
                },
                "UserGroupMembers":{
                    "preserve_keys":false,
                    "update_object":true,
                    "unique_key":["user_group", "member"],
                    "related_objects":true,
                    "related_object_attributes":{
                        "UserGroup":{
                            "preserve_keys":false,
                            "update_object":true,
                            "unique_key":"name"
                        },
                        "UserGroupRole":{
                            "preserve_keys":false,
                            "update_object":true,
                            "unique_key":"name"
                        }
                    }
                },
                "PrimaryGroup":{
                    "preserve_keys":false,
                    "update_object":true,
                    "unique_key":"name"
                }
            }
        }
    },
    {
        "vehicle_class":"xPDOObjectVehicle",
        "object":{
            "class":"sources.modMediaSource",
            "criteria":["1 = 1"],
            "package":"modx"
        },
        "attributes":{
            "preserve_keys":false,
            "update_object":true,
            "unique_key":"name"
        }
    },
    {
        "vehicle_class":"xPDOObjectVehicle",
        "object":{
            "class":"modDashboard",
            "criteria":["1 = 1"],
            "graph":{
                "UserGroups":[],
                "Placements":{
                    "Widget":[]
                }
            },
            "package":"modx"
        },
        "attributes":{
            "preserve_keys":false,
            "update_object":true,
            "unique_key":"name",
            "related_objects":true,
            "related_object_attributes":{
                "UserGroups":{
                    "preserve_keys":false,
                    "update_object":true,
                    "unique_key":"name"
                },
                "Placements":{
                    "preserve_keys":true,
                    "update_object":true,
                    "related_objects":true,
                    "related_object_attributes":{
                        "Widget":{
                            "preserve_keys":false,
                            "update_object":true,
                            "unique_key":["namespace", "name"]
                        }
                    }
                }
            }
        }
    },
    {
        "vehicle_class":"xPDOObjectVehicle",
        "object":{
            "class":"modCategory",
            "criteria":{
                "parent":0
            },
            "script":"extract\/modcategory.php",
            "package":"modx"
        },
        "attributes":{
            "preserve_keys":false,
            "update_object":true,
            "unique_key":"category",
            "related_objects":true,
            "related_object_attributes":{
                "Children":{
                    "preserve_keys":false,
                    "update_object":true,
                    "unique_key":"category"
                }
            }
        }
    },
    {
        "vehicle_class":"xPDOObjectVehicle",
        "object":{
            "class":"modResourceGroup",
            "criteria":["1 = 1"],
            "package":"modx"
        },
        "attributes":{
            "preserve_keys":false,
            "update_object":true,
            "unique_key":"name"
        }
    },
    {
        "vehicle_class":"xPDOObjectVehicle",
        "object":{
            "class":"modPropertySet",
            "criteria":["1 = 1"],
            "graph":{
                "Category":[]
            },
            "package":"modx"
        },
        "attributes":{
            "preserve_keys":false,
            "update_object":true,
            "unique_key":"name",
            "related_objects":true,
            "related_object_attributes":{
                "Category":{
                    "preserve_keys":false,
                    "update_object":true,
                    "unique_key":"category"
                }
            }
        }
    },
    {
        "vehicle_class":"xPDOObjectVehicle",
        "object":{
            "class":"modChunk",
            "criteria":["1 = 1"],
            "graph":{
                "Category":[],
                "PropertySets":{
                    "PropertySet":[]
                }
            },
            "package":"modx"
        },
        "attributes":{
            "preserve_keys":false,
            "update_object":true,
            "unique_key":"name",
            "related_objects":true,
            "related_object_attributes":{
                "Category":{
                    "preserve_keys":false,
                    "update_object":true,
                    "unique_key":"category"
                },
                "PropertySets":{
                    "preserve_keys":true,
                    "update_object":true,
                    "unique_key":["element", "element_class", "property_set"],
                    "related_objects":true,
                    "related_object_attributes":{
                        "PropertySet":{
                            "preserve_keys":false,
                            "update_object":true,
                            "unique_key":"name"
                        }
                    }
                }
            }
        }
    },
    {
        "vehicle_class":"xPDOObjectVehicle",
        "object":{
            "class":"modPlugin",
            "criteria":["1 = 1"],
            "graph":{
                "Category":[],
                "PropertySets":{
                    "PropertySet":[]
                },
                "PluginEvents":{
                    "PropertySet":[]
                }
            },
            "package":"modx"
        },
        "attributes":{
            "preserve_keys":false,
            "update_object":true,
            "unique_key":"name",
            "related_objects":true,
            "related_object_attributes":{
                "Category":{
                    "preserve_keys":false,
                    "update_object":true,
                    "unique_key":"category"
                },
                "PropertySets":{
                    "preserve_keys":true,
                    "update_object":true,
                    "unique_key":["element", "element_class", "property_set"],
                    "related_objects":true,
                    "related_object_attributes":{
                        "PropertySet":{
                            "preserve_keys":false,
                            "update_object":true,
                            "unique_key":"name"
                        }
                    }
                },
                "PluginEvents":{
                    "preserve_keys":true,
                    "update_object":true,
                    "unique_key":["pluginid", "event"],
                    "related_objects":true,
                    "related_object_attributes":{
                        "Event":{
                            "preserve_keys":true,
                            "update_object":false
                        },
                        "PropertySet":{
                            "preserve_keys":false,
                            "update_object":true,
                            "unique_key":"name"
                        }
                    }
                }
            }
        }
    },
    {
        "vehicle_class":"xPDOObjectVehicle",
        "object":{
            "class":"modSnippet",
            "criteria":["1 = 1"],
            "graph":{
                "Category":[],
                "PropertySets":{
                    "PropertySet":[]
                }
            },
            "package":"modx"
        },
        "attributes":{
            "preserve_keys":false,
            "update_object":true,
            "unique_key":"name",
            "related_objects":true,
            "related_object_attributes":{
                "Category":{
                    "preserve_keys":false,
                    "update_object":true,
                    "unique_key":"category"
                },
                "PropertySets":{
                    "preserve_keys":true,
                    "update_object":true,
                    "unique_key":["element", "element_class", "property_set"],
                    "related_objects":true,
                    "related_object_attributes":{
                        "PropertySet":{
                            "preserve_keys":false,
                            "update_object":true,
                            "unique_key":"name"
                        }
                    }
                }
            }
        }
    },
    {
        "vehicle_class":"xPDOObjectVehicle",
        "object":{
            "class":"modTemplateVar",
            "criteria":["1 = 1"],
            "graph":{
                "Category":[],
                "PropertySets":{
                    "PropertySet":[]
                },
                "TemplateVarTemplates":{
                    "Template":[]
                }
            },
            "package":"modx"
        },
        "attributes":{
            "preserve_keys":false,
            "update_object":true,
            "unique_key":"name",
            "related_objects":true,
            "related_object_attributes":{
                "Category":{
                    "preserve_keys":false,
                    "update_object":true,
                    "unique_key":"category"
                },
                "PropertySets":{
                    "preserve_keys":true,
                    "update_object":true,
                    "unique_key":["element", "element_class", "property_set"],
                    "related_objects":true,
                    "related_object_attributes":{
                        "PropertySet":{
                            "preserve_keys":false,
                            "update_object":true,
                            "unique_key":"name"
                        }
                    }
                },
                "TemplateVarTemplates":{
                    "preserve_keys":true,
                    "update_object":true,
                    "unique_key":["tmplvarid", "templateid"],
                    "related_objects":true,
                    "related_object_attributes":{
                        "Template":{
                            "preserve_keys":false,
                            "update_object":true,
                            "unique_key":"templatename"
                        }
                    }
                }
            }
        }
    },
    {
        "vehicle_class":"xPDOObjectVehicle",
        "object":{
            "class":"modTemplate",
            "criteria":["1 = 1"],
            "graph":{
                "Category":[],
                "PropertySets":{
                    "PropertySet":[]
                }
            },
            "package":"modx"
        },
        "attributes":{
            "preserve_keys":false,
            "update_object":true,
            "unique_key":"templatename",
            "related_objects":true,
            "related_object_attributes":{
                "Category":{
                    "preserve_keys":false,
                    "update_object":true,
                    "unique_key":"category"
                },
                "PropertySets":{
                    "preserve_keys":true,
                    "update_object":true,
                    "unique_key":["element", "element_class", "property_set"],
                    "related_objects":true,
                    "related_object_attributes":{
                        "PropertySet":{
                            "preserve_keys":false,
                            "update_object":false,
                            "unique_key":"name"
                        }
                    }
                }
            }
        }
    },
    {
        "vehicle_class":"xPDOObjectVehicle",
        "object":{
            "class":"modContentType",
            "criteria":["1 = 1"],
            "package":"modx"
        },
        "attributes":{
            "preserve_keys":false,
            "update_object":true,
            "unique_key":"name"
        }
    },
    {
        "vehicle_class":"xPDOObjectVehicle",
        "object":{
            "class":"modContext",
            "criteria":["1 = 1"],
            "package":"modx"
        },
        "attributes":{
            "preserve_keys":true,
            "update_object":true
        }
    },
    {
        "vehicle_class":"xPDOObjectVehicle",
        "object":{
            "class":"modContextSetting",
            "criteria":["1 = 1", {
                "area:NOT IN":["session", "caching", "gateway", "mail", "system", "file", "authentication"],
                "key:NOT IN":["host", "http_host", "https_port", "site_url", "base_url", "manager_url", "connectors_url", "url_scheme", "base_path", "manager_path", "connectors_path", "assets_path", "assets_url", "connection_mutable", "connections", "core_path", "date_timezone", "dbname", "debug", "driverOptions", "dsn", "new_file_permissions", "new_folder_permissions", "password", "processors_path", "table_prefix", "ui_debug_mode", "extension_packages"]
            }],
            "package":"modx"
        },
        "attributes":{
            "preserve_keys":true,
            "update_object":true
        }
    },
    {
        "vehicle_class":"xPDOObjectVehicle",
        "object":{
            "class":"sources.modMediaSourceElement",
            "criteria":["1 = 1"],
            "package":"modx"
        },
        "attributes":{
            "preserve_keys":true,
            "update_object":true
        }
    },
    {
        "vehicle_class":"xPDOObjectVehicle",
        "object":{
            "class":"sources.modMediaSourceContext",
            "criteria":["1 = 1"],
            "package":"modx"
        },
        "attributes":{
            "preserve_keys":true,
            "update_object":true
        }
    },
    {
        "vehicle_class":"xPDOObjectVehicle",
        "object":{
            "class":"sources.modAccessMediaSource",
            "criteria":["1 = 1"],
            "package":"modx"
        },
        "attributes":{
            "preserve_keys":true,
            "update_object":true
        }
    },
    {
        "vehicle_class":"xPDOObjectVehicle",
        "object":{
            "class":"modResource",
            "criteria":["1 = 1"],
            "graph":{
                "Template":[],
                "ContentType":[],
                "TemplateVarResources":{
                    "TemplateVar":[]
                },
                "ResourceGroupResources":{
                    "ResourceGroup":[]
                },
                "ContextResources":{
                    "Context":[]
                }
            },
            "package":"modx"
        },
        "attributes":{
            "preserve_keys":true,
            "update_object":true,
            "related_objects":true,
            "related_object_attributes":{
                "Template":{
                    "preserve_keys":false,
                    "update_object":true,
                    "unique_key":"templatename"
                },
                "ContentType":{
                    "preserve_keys":false,
                    "update_object":true,
                    "unique_key":"name"
                },
                "TemplateVarResources":{
                    "preserve_keys":false,
                    "update_object":true,
                    "unique_key":["tmplvarid", "contentid"],
                    "related_objects":true,
                    "related_object_attributes":{
                        "TemplateVar":{
                            "preserve_keys":false,
                            "update_object":true,
                            "unique_key":"name"
                        }
                    }
                },
                "ResourceGroupResources":{
                    "preserve_keys":false,
                    "update_object":true,
                    "unique_key":["document_group", "document"],
                    "related_objects":true,
                    "related_object_attributes":{
                        "ResourceGroup":{
                            "preserve_keys":false,
                            "update_object":true,
                            "unique_key":"name"
                        }
                    }
                },
                "ContextResources":{
                    "preserve_keys":true,
                    "update_object":true,
                    "related_objects":true,
                    "related_object_attributes":{
                        "Context":{
                            "preserve_keys":true,
                            "update_object":false
                        }
                    }
                }
            }
        }
    },
    {
        "vehicle_class":"xPDOObjectVehicle",
        "object":{
            "class":"modFormCustomizationProfile",
            "criteria":["1 = 1"],
            "graph":{
                "Sets":{
                    "Action":[],
                    "Template":[],
                    "Rules":{
                        "Action":[]
                    }
                },
                "UserGroups":{
                    "UserGroup":[]
                }
            },
            "package":"modx"
        },
        "attributes":{
            "preserve_keys":false,
            "update_object":true,
            "unique_key":"name",
            "related_objects":true,
            "related_object_attributes":{
                "Sets":{
                    "preserve_keys":false,
                    "update_object":true,
                    "unique_key":["profile", "action", "template", "constraint", "constraint_field", "constraint_class"],
                    "related_objects":true,
                    "related_object_attributes":{
                        "Action":{
                            "preserve_keys":false,
                            "update_object":true,
                            "unique_key":["namespace", "controller"]
                        },
                        "Template":{
                            "preserve_keys":false,
                            "update_object":true,
                            "unique_key":"templatename"
                        },
                        "Rules":{
                            "preserve_keys":false,
                            "update_object":true,
                            "unique_key":["set", "action", "name"],
                            "related_objects":true,
                            "related_object_attributes":{
                                "Action":{
                                    "preserve_keys":false,
                                    "update_object":true,
                                    "unique_key":["namespace", "controller"]
                                }
                            }
                        }
                    }
                },
                "UserGroups":{
                    "preserve_keys":false,
                    "update_object":true,
                    "unique_key":["usergroup", "profile"],
                    "related_objects":true,
                    "related_object_attributes":{
                        "UserGroup":{
                            "preserve_keys":false,
                            "update_object":true,
                            "unique_key":"name"
                        }
                    }
                }
            }
        }
    },
    {
        "vehicle_class":"xPDOObjectVehicle",
        "object":{
            "class":"modAccessPolicyTemplateGroup",
            "criteria":["1 = 1"],
            "graph":{
                "Templates":[]
            },
            "script":"extract\/modaccesspolicytemplategroup.php",
            "package":"modx"
        },
        "attributes":{
            "preserve_keys":false,
            "update_object":true,
            "unique_key":"name",
            "related_objects":true,
            "related_object_attributes":{
                "Templates":{
                    "preserve_keys":true,
                    "update_object":true,
                    "unique_key":["template_group", "name"],
                    "related_objects":true,
                    "related_object_attributes":{
                        "Permissions":{
                            "preserve_keys":false,
                            "update_object":true,
                            "unique_key":["template", "name"]
                        },
                        "Policies":{
                            "preserve_keys":false,
                            "update_object":true,
                            "unique_key":["template", "name"],
                            "related_objects":true,
                            "related_object_attributes":{
                                "Children":{
                                    "preserve_keys":false,
                                    "update_object":true,
                                    "unique_key":["template", "name"]
                                }
                            }
                        }
                    }
                }
            }
        }
    },
    {
        "vehicle_class":"xPDOObjectVehicle",
        "object":{
            "class":"modAccessCategory",
            "criteria":["1 = 1"],
            "graph":{
                "Context":[],
                "Target":[]
            },
            "script":"extract\/modaccess.php",
            "package":"modx"
        },
        "attributes":{
            "preserve_keys":false,
            "update_object":true,
            "unique_key":["context_key", "target", "principal_class", "principal", "authority", "policy"],
            "related_objects":true,
            "related_object_attributes":{
                "Context":{
                    "preserve_keys":true,
                    "update_object":true
                },
                "Target":{
                    "preserve_keys":false,
                    "update_object":true,
                    "unique_key":"category"
                },
                "modUserGroup":{
                    "preserve_keys":false,
                    "update_object":true,
                    "unique_key":"name"
                },
                "modUser":{
                    "preserve_keys":false,
                    "update_object":true,
                    "unique_key":"username"
                }
            }
        }
    },
    {
        "vehicle_class":"xPDOObjectVehicle",
        "object":{
            "class":"modAccessContext",
            "criteria":["1 = 1"],
            "graph":{
                "Target":[]
            },
            "script":"extract\/modaccess.php",
            "package":"modx"
        },
        "attributes":{
            "preserve_keys":false,
            "update_object":true,
            "unique_key":["target", "principal_class", "principal", "authority", "policy"],
            "related_objects":true,
            "related_object_attributes":{
                "Target":{
                    "preserve_keys":true,
                    "update_object":true
                },
                "modUserGroup":{
                    "preserve_keys":false,
                    "update_object":true,
                    "unique_key":"name"
                },
                "modUser":{
                    "preserve_keys":false,
                    "update_object":true,
                    "unique_key":"username"
                }
            }
        }
    },
    {
        "vehicle_class":"xPDOObjectVehicle",
        "object":{
            "class":"modAccessResourceGroup",
            "criteria":["1 = 1"],
            "graph":{
                "Context":[],
                "Target":[]
            },
            "package":"modx"
        },
        "attributes":{
            "preserve_keys":false,
            "update_object":true,
            "unique_key":["context_key", "target", "principal_class", "principal", "authority", "policy"],
            "related_objects":true,
            "related_object_attributes":{
                "Context":{
                    "preserve_keys":true,
                    "update_object":true
                },
                "Target":{
                    "preserve_keys":false,
                    "update_object":true,
                    "unique_key":"name"
                },
                "modUserGroup":{
                    "preserve_keys":false,
                    "update_object":true,
                    "unique_key":"name"
                },
                "modUser":{
                    "preserve_keys":false,
                    "update_object":true,
                    "unique_key":"username"
                }
            }
        }
    }
]}