{"name":"elements", "vehicles":[
    {
        "vehicle_class":"xPDOFileVehicle",
        "object":{
            "source":"{+properties.modx.core_path}components",
            "target":"return MODX_CORE_PATH;"
        },
        "attributes":{
            "vehicle_class":"xPDOFileVehicle"
        }
    },
    {
        "vehicle_class":"xPDOFileVehicle",
        "object":{
            "source":"{+properties.modx.context_web_path}assets",
            "target":"return MODX_BASE_PATH;"
        },
        "attributes":{
            "vehicle_class":"xPDOFileVehicle"
        }
    },
    {
        "vehicle_class":"xPDOObjectVehicle",
        "object":{
            "class":"modSystemSetting",
            "criteria":{
                "key":"extension_packages"
            }
        },
        "attributes":{
            "preserve_keys":true,
            "update_object":true,
            "resolve":[
                {
                    "type":"php",
                    "source":"tpl\/scripts\/resolve\/modsystemsetting\/extension_packages.php"
                }
            ]
        }
    },
    {
        "vehicle_class":"xPDOObjectVehicle",
        "object":{
            "class":"modCategory",
            "criteria":{
                "parent":0
            },
            "script":"extract\/modcategory.php",
            "package":"modx"
        },
        "attributes":{
            "preserve_keys":false,
            "update_object":true,
            "unique_key":"category",
            "related_objects":true,
            "related_object_attributes":{
                "Children":{
                    "preserve_keys":false,
                    "update_object":true,
                    "unique_key":"category"
                }
            }
        }
    },
    {
        "vehicle_class":"xPDOObjectVehicle",
        "object":{
            "class":"modPropertySet",
            "criteria":["1 = 1"],
            "graph":{
                "Category":[]
            },
            "package":"modx"
        },
        "attributes":{
            "preserve_keys":false,
            "update_object":true,
            "unique_key":"name",
            "related_objects":true,
            "related_object_attributes":{
                "Category":{
                    "preserve_keys":false,
                    "update_object":true,
                    "unique_key":"category"
                }
            }
        }
    },
    {
        "vehicle_class":"xPDOObjectVehicle",
        "object":{
            "class":"modChunk",
            "criteria":["1 = 1"],
            "graph":{
                "Category":[],
                "PropertySets":{
                    "PropertySet":[]
                }
            },
            "package":"modx"
        },
        "attributes":{
            "preserve_keys":false,
            "update_object":true,
            "unique_key":"name",
            "related_objects":true,
            "related_object_attributes":{
                "Category":{
                    "preserve_keys":false,
                    "update_object":true,
                    "unique_key":"category"
                },
                "PropertySets":{
                    "preserve_keys":true,
                    "update_object":true,
                    "unique_key":["element", "element_class", "property_set"],
                    "related_objects":true,
                    "related_object_attributes":{
                        "PropertySet":{
                            "preserve_keys":false,
                            "update_object":true,
                            "unique_key":"name"
                        }
                    }
                }
            }
        }
    },
    {
        "vehicle_class":"xPDOObjectVehicle",
        "object":{
            "class":"modPlugin",
            "criteria":["1 = 1"],
            "graph":{
                "Category":[],
                "PropertySets":{
                    "PropertySet":[]
                },
                "PluginEvents":{
                    "PropertySet":[]
                }
            },
            "package":"modx"
        },
        "attributes":{
            "preserve_keys":false,
            "update_object":true,
            "unique_key":"name",
            "related_objects":true,
            "related_object_attributes":{
                "Category":{
                    "preserve_keys":false,
                    "update_object":true,
                    "unique_key":"category"
                },
                "PropertySets":{
                    "preserve_keys":true,
                    "update_object":true,
                    "unique_key":["element", "element_class", "property_set"],
                    "related_objects":true,
                    "related_object_attributes":{
                        "PropertySet":{
                            "preserve_keys":false,
                            "update_object":true,
                            "unique_key":"name"
                        }
                    }
                },
                "PluginEvents":{
                    "preserve_keys":true,
                    "update_object":true,
                    "unique_key":["pluginid", "event"],
                    "related_objects":true,
                    "related_object_attributes":{
                        "Event":{
                            "preserve_keys":true,
                            "update_object":false
                        },
                        "PropertySet":{
                            "preserve_keys":false,
                            "update_object":true,
                            "unique_key":"name"
                        }
                    }
                }
            }
        }
    },
    {
        "vehicle_class":"xPDOObjectVehicle",
        "object":{
            "class":"modSnippet",
            "criteria":["1 = 1"],
            "graph":{
                "Category":[],
                "PropertySets":{
                    "PropertySet":[]
                }
            },
            "package":"modx"
        },
        "attributes":{
            "preserve_keys":false,
            "update_object":true,
            "unique_key":"name",
            "related_objects":true,
            "related_object_attributes":{
                "Category":{
                    "preserve_keys":false,
                    "update_object":true,
                    "unique_key":"category"
                },
                "PropertySets":{
                    "preserve_keys":true,
                    "update_object":true,
                    "unique_key":["element", "element_class", "property_set"],
                    "related_objects":true,
                    "related_object_attributes":{
                        "PropertySet":{
                            "preserve_keys":false,
                            "update_object":true,
                            "unique_key":"name"
                        }
                    }
                }
            }
        }
    },
    {
        "vehicle_class":"xPDOObjectVehicle",
        "object":{
            "class":"modTemplateVar",
            "criteria":["1 = 1"],
            "graph":{
                "Category":[],
                "PropertySets":{
                    "PropertySet":[]
                },
                "TemplateVarTemplates":{
                    "Template":[]
                }
            },
            "package":"modx"
        },
        "attributes":{
            "preserve_keys":false,
            "update_object":true,
            "unique_key":"name",
            "related_objects":true,
            "related_object_attributes":{
                "Category":{
                    "preserve_keys":false,
                    "update_object":true,
                    "unique_key":"category"
                },
                "PropertySets":{
                    "preserve_keys":true,
                    "update_object":true,
                    "unique_key":["element", "element_class", "property_set"],
                    "related_objects":true,
                    "related_object_attributes":{
                        "PropertySet":{
                            "preserve_keys":false,
                            "update_object":true,
                            "unique_key":"name"
                        }
                    }
                },
                "TemplateVarTemplates":{
                    "preserve_keys":true,
                    "update_object":true,
                    "unique_key":["tmplvarid", "templateid"],
                    "related_objects":true,
                    "related_object_attributes":{
                        "Template":{
                            "preserve_keys":false,
                            "update_object":true,
                            "unique_key":"templatename"
                        }
                    }
                }
            }
        }
    },
    {
        "vehicle_class":"xPDOObjectVehicle",
        "object":{
            "class":"modTemplate",
            "criteria":["1 = 1"],
            "graph":{
                "Category":[],
                "PropertySets":{
                    "PropertySet":[]
                }
            },
            "package":"modx"
        },
        "attributes":{
            "preserve_keys":false,
            "update_object":true,
            "unique_key":"templatename",
            "related_objects":true,
            "related_object_attributes":{
                "Category":{
                    "preserve_keys":false,
                    "update_object":true,
                    "unique_key":"category"
                },
                "PropertySets":{
                    "preserve_keys":true,
                    "update_object":true,
                    "unique_key":["element", "element_class", "property_set"],
                    "related_objects":true,
                    "related_object_attributes":{
                        "PropertySet":{
                            "preserve_keys":false,
                            "update_object":false,
                            "unique_key":"name"
                        }
                    }
                }
            }
        }
    }
]}