{"name":"users", "vehicles":[
    {
        "vehicle_class":"xPDOObjectVehicle",
        "object":{
            "class":"modUserGroup",
            "criteria":["1 = 1"],
            "package":"modx"
        },
        "attributes":{
            "preserve_keys":false,
            "update_object":true,
            "unique_key":"name"
        }
    },
    {
        "vehicle_class":"xPDOObjectVehicle",
        "object":{
            "class":"modUserGroupRole",
            "criteria":["1 = 1"],
            "package":"modx"
        },
        "attributes":{
            "preserve_keys":false,
            "update_object":true,
            "unique_key":"name"
        }
    },
    {
        "vehicle_class":"xPDOObjectVehicle",
        "object":{
            "class":"modUser",
            "criteria":["1 = 1"],
            "graph":{
                "Profile":[],
                "UserSettings":[],
                "UserGroupMembers":{
                    "UserGroup":[],
                    "UserGroupRole":[]
                },
                "PrimaryGroup":[]
            },
            "package":"modx"
        },
        "attributes":{
            "preserve_keys":false,
            "update_object":true,
            "unique_key":"username",
            "related_objects":true,
            "related_object_attributes":{
                "Profile":{
                    "preserve_keys":false,
                    "update_object":true,
                    "unique_key":"internalKey"
                },
                "UserSettings":{
                    "preserve_keys":true,
                    "update_object":true
                },
                "UserGroupMembers":{
                    "preserve_keys":false,
                    "update_object":true,
                    "unique_key":["user_group", "member"],
                    "related_objects":true,
                    "related_object_attributes":{
                        "UserGroup":{
                            "preserve_keys":false,
                            "update_object":true,
                            "unique_key":"name"
                        },
                        "UserGroupRole":{
                            "preserve_keys":false,
                            "update_object":true,
                            "unique_key":"name"
                        }
                    }
                },
                "PrimaryGroup":{
                    "preserve_keys":false,
                    "update_object":true,
                    "unique_key":"name"
                }
            }
        }
    }
]}