{"name":"modxcloudcom","code":"modxcloudcom","properties":{"modx":{"core_path":"\/Users\/mike\/Sites\/Cloud\/modxcloud.com\/core\/","config_key":"config","context_mgr_path":"\/Users\/mike\/Sites\/Cloud\/modxcloud.com\/manager\/","context_mgr_url":"\/modxcloud.com\/manager\/","context_connectors_path":"\/Users\/mike\/Sites\/Cloud\/modxcloud.com\/connectors\/","context_connectors_url":"\/modxcloud.com\/connectors\/","context_web_path":"\/Users\/mike\/Sites\/Cloud\/modxcloud.com\/","context_web_url":"\/modxcloud.com\/"}}}