{"name":"qualitysmith","code":"qualitysmith","properties":{"modx":{"core_path":"\/Users\/mike\/Sites\/sites\/qualitysmith\/core\/","config_key":"config","context_mgr_path":"\/Users\/mike\/Sites\/sites\/qualitysmith\/manager\/","context_mgr_url":"\/sites\/qualitysmith\/manager\/","context_connectors_path":"\/Users\/mike\/Sites\/sites\/qualitysmith\/connectors\/","context_connectors_url":"\/sites\/qualitysmith\/connectors\/","context_web_path":"\/Users\/mike\/Sites\/sites\/qualitysmith\/","context_web_url":"\/sites\/qualitysmith\/"}}}