{"name":"Revotest1","code":"revotest1","properties":{"modx":{"core_path":"\/Users\/mike\/Sites\/sites\/revotest1\/core\/","config_key":"config","context_mgr_path":"\/Users\/mike\/Sites\/sites\/revotest1\/manager\/","context_mgr_url":"\/sites\/revotest1\/manager\/","context_connectors_path":"\/Users\/mike\/Sites\/sites\/revotest1\/connectors\/","context_connectors_url":"\/sites\/revotest1\/connectors\/","context_web_path":"\/Users\/mike\/Sites\/sites\/revotest1\/","context_web_url":"\/sites\/revotest1\/"}}}