{"name":"st228","code":"st228","properties":{"modx":{"core_path":"\/Users\/mike\/Sites\/sites\/siphontest228\/core\/","config_key":"config","context_mgr_path":"\/Users\/mike\/Sites\/sites\/siphontest228\/manager\/","context_mgr_url":"\/sites\/siphontest228\/manager\/","context_connectors_path":"\/Users\/mike\/Sites\/sites\/siphontest228\/connectors\/","context_connectors_url":"\/sites\/siphontest228\/connectors\/","context_web_path":"\/Users\/mike\/Sites\/sites\/siphontest228\/","context_web_url":"\/sites\/siphontest228\/"}}}